PassengerId,Survived,Pclass,Sex,Age,SibSp,Parch,Fare,Embarked,Family_Size
1,0,3,1,-0.5657364610748746,1,0,-0.5024451714361923,2,0.059159876663617696
2,1,1,0,0.6638610320657843,1,0,0.7868452935884461,0,0.059159876663617696
3,1,3,0,-0.2583370877897099,0,0,-0.4888542575852486,2,-0.5609748304808925
4,1,1,0,0.4333115021019107,1,0,0.4207302360686478,2,0.059159876663617696
5,0,3,1,0.4333115021019107,0,0,-0.4863374216869257,2,-0.5609748304808925
6,0,3,1,-0.10463740114712752,0,0,-0.47811642890864375,1,-0.5609748304808925
7,0,1,1,1.893458525206443,0,0,0.395813560675251,2,-0.5609748304808925
8,0,3,1,-2.1027333275006983,3,1,-0.22408312108167944,2,1.9195639980971482
9,1,3,0,-0.1814872444684187,0,2,-0.4242561406845337,2,0.6792945838081278
10,1,2,0,-1.180535207645204,1,0,-0.04295550208861426,0,0.059159876663617696
11,1,3,0,-1.949033640858116,1,1,-0.312172377522981,2,0.6792945838081278
12,1,1,0,2.200857898491608,0,0,-0.11384570873513637,2,-0.5609748304808925
13,0,3,1,-0.719436147717457,0,0,-0.4863374216869257,2,-0.5609748304808925
14,0,3,1,0.7407108753870755,1,5,-0.01870931177853076,2,3.1598334123861687
15,0,3,0,-1.180535207645204,0,0,-0.4902797934380587,2,-0.5609748304808925
16,1,2,0,1.9703083685277343,0,0,-0.3262666585535892,2,-0.5609748304808925
17,0,3,1,-2.1027333275006983,4,1,-0.06199888922968463,1,2.5396987052416584
18,1,2,1,-0.10463740114712752,0,0,-0.3866707201133388,2,-0.5609748304808925
19,0,3,0,0.12591212881674602,1,0,-0.2859972841804228,2,0.059159876663617696
20,1,3,0,-0.10463740114712752,0,0,-0.5029485386158568,0,-0.5609748304808925
21,0,2,1,0.4333115021019107,0,0,-0.12491978668775715,2,-0.5609748304808925
22,1,2,1,0.35646165878061953,0,0,-0.3866707201133388,2,-0.5609748304808925
23,1,3,0,-1.1036853643239128,0,0,-0.4867562231804066,1,-0.5609748304808925
24,1,1,1,-0.10463740114712752,0,0,0.06635974158478332,2,-0.5609748304808925
25,0,3,0,-1.6416342675729512,3,1,-0.22408312108167944,2,1.9195639980971482
26,1,3,0,0.6638610320657843,1,5,-0.016444159470040135,2,3.1598334123861687
27,0,3,1,-0.10463740114712752,0,0,-0.5029485386158568,0,-0.5609748304808925
28,0,1,1,-0.7962859910387481,3,2,4.647001076532463,2,2.5396987052416584
29,1,3,0,-0.10463740114712752,0,0,-0.48977642625839407,1,-0.5609748304808925
30,0,3,1,-0.10463740114712752,0,0,-0.4894421904510968,2,-0.5609748304808925
31,0,1,1,0.8175607187083667,0,0,-0.09027201697708476,0,-0.5609748304808925
32,1,1,0,-0.10463740114712752,1,0,2.301728820789,0,0.059159876663617696
33,1,3,0,-0.10463740114712752,0,0,-0.49237782784290063,1,-0.5609748304808925
34,0,2,1,2.8156566450619374,0,0,-0.43700743807979686,2,-0.5609748304808925
35,0,1,1,-0.10463740114712752,1,0,1.0060617003323709,0,0.059159876663617696
36,0,1,1,0.9712604053509489,1,0,0.39858208016340624,2,0.059159876663617696
37,1,3,1,-0.10463740114712752,0,0,-0.5028639729296732,0,-0.5609748304808925
38,0,3,1,-0.6425863043961658,0,0,-0.4863374216869257,2,-0.5609748304808925
39,0,3,0,-0.8731358343600393,2,0,-0.2859972841804228,2,0.6792945838081278
40,1,3,0,-1.180535207645204,1,0,-0.42207354059350805,0,0.059159876663617696
41,0,3,0,0.8175607187083667,1,0,-0.4576454924460446,2,0.059159876663617696
42,0,2,0,-0.1814872444684187,1,0,-0.22559322262067316,2,0.059159876663617696
43,0,3,1,-0.10463740114712752,0,0,-0.4894421904510968,0,-0.5609748304808925
44,1,2,0,-2.025883484179407,1,2,0.18876253192945994,0,1.299429290952638
45,1,3,0,-0.7962859910387481,0,0,-0.48977642625839407,1,-0.5609748304808925
46,0,3,1,-0.10463740114712752,0,0,-0.4863374216869257,2,-0.5609748304808925
47,0,3,1,-0.10463740114712752,1,0,-0.3363340021468808,1,0.059159876663617696
48,1,3,0,-0.10463740114712752,0,0,-0.49237782784290063,1,-0.5609748304808925
49,0,3,1,-0.10463740114712752,2,0,-0.21191774308354583,0,0.6792945838081278
50,0,3,0,-0.8731358343600393,1,0,-0.29002422161773944,2,0.059159876663617696
51,0,3,1,-1.7184841108942424,4,1,0.1506737441786005,2,2.5396987052416584
52,0,3,1,-0.6425863043961658,0,0,-0.4913710934835715,2,-0.5609748304808925
53,1,1,0,1.5092093085999871,1,0,0.8964967865378598,0,0.059159876663617696
54,1,2,0,-0.027787557825836348,1,0,-0.12491978668775715,2,0.059159876663617696
55,0,1,1,2.738806801740646,0,1,0.5995101505357573,0,0.059159876663617696
56,1,1,1,-0.10463740114712752,0,0,0.06635974158478332,2,-0.5609748304808925
57,1,2,0,-0.6425863043961658,0,0,-0.43700743807979686,2,-0.5609748304808925
58,0,3,1,-0.06621247948648194,0,0,-0.5028639729296732,0,-0.5609748304808925
59,1,2,0,-1.8721837975368247,1,2,-0.08968408411123653,2,1.299429290952638
60,0,3,1,-1.4110847376090776,5,2,0.2958951755118318,2,3.779968119530679
61,0,3,1,-0.5657364610748746,0,0,-0.5028639729296732,0,-0.5609748304808925
62,1,1,0,0.6638610320657843,0,0,0.962353321387736,2,-0.5609748304808925
63,0,1,1,1.2018099353148226,1,0,1.0323213593611125,2,0.059159876663617696
64,0,3,1,-1.949033640858116,3,2,-0.08666388103324908,2,2.5396987052416584
65,0,1,1,-0.10463740114712752,0,0,-0.09027201697708476,0,-0.5609748304808925
66,1,3,1,-0.10463740114712752,1,1,-0.3414522396297103,0,0.6792945838081278
67,1,2,0,-0.027787557825836348,0,0,-0.43700743807979686,2,-0.5609748304808925
68,0,3,1,-0.7962859910387481,0,0,-0.4841568350646187,2,-0.5609748304808925
69,1,3,0,-0.9499856776813305,4,2,-0.4888542575852486,2,3.1598334123861687
70,0,3,1,-0.2583370877897099,2,0,-0.47400492578514347,2,0.6792945838081278
71,0,2,1,0.20276197213803718,0,0,-0.43700743807979686,2,-0.5609748304808925
72,0,3,0,-1.0268355210026217,5,2,0.2958951755118318,2,3.779968119530679
73,0,2,1,-0.6425863043961658,0,0,0.8314778546749452,2,-0.5609748304808925
74,0,3,1,-0.2583370877897099,1,0,-0.3573908580066095,0,0.059159876663617696
75,1,3,1,0.20276197213803718,0,0,0.48910360681684706,2,-0.5609748304808925
76,0,3,1,-0.33518693111100106,0,0,-0.494391296561559,2,-0.5609748304808925
77,0,3,1,-0.10463740114712752,0,0,-0.4894421904510968,2,-0.5609748304808925
78,0,3,1,-0.10463740114712752,0,0,-0.4863374216869257,2,-0.5609748304808925
79,1,2,1,-2.192647644186609,0,2,-0.06451572512800753,2,0.6792945838081278
80,1,3,0,0.04906228549545483,0,0,-0.397241430886295,2,-0.5609748304808925
81,0,3,1,-0.5657364610748746,0,0,-0.46720946885967163,2,-0.5609748304808925
82,1,3,1,-0.027787557825836348,0,0,-0.45714212526638004,2,-0.5609748304808925
83,1,3,0,-0.10463740114712752,0,0,-0.49162277707340374,1,-0.5609748304808925
84,0,1,1,-0.10463740114712752,0,0,0.29992211294914856,2,-0.5609748304808925
85,1,2,0,-0.9499856776813305,0,0,-0.43700743807979686,2,-0.5609748304808925
86,1,3,0,0.27961181545932834,3,0,-0.32928686163157667,2,1.299429290952638
87,0,3,1,-1.0268355210026217,1,3,0.04370821849987721,2,1.9195639980971482
88,0,3,1,-0.10463740114712752,0,0,-0.4863374216869257,2,-0.5609748304808925
89,1,1,0,-0.48888661775358344,3,2,4.647001076532463,2,2.5396987052416584
90,0,3,1,-0.41203677443229225,0,0,-0.4863374216869257,2,-0.5609748304808925
91,0,3,1,-0.027787557825836348,0,0,-0.4863374216869257,2,-0.5609748304808925
92,0,3,1,-0.719436147717457,0,0,-0.4902797934380587,2,-0.5609748304808925
93,0,1,1,1.2786597786361138,1,0,0.5833178351003071,2,0.059159876663617696
94,0,3,1,-0.2583370877897099,1,2,-0.23415046467497105,2,1.299429290952638
95,0,3,1,2.277707741812899,0,0,-0.5024451714361923,2,-0.5609748304808925
96,0,3,1,-0.10463740114712752,0,0,-0.4863374216869257,2,-0.5609748304808925
97,0,1,1,3.1999058616683933,0,0,0.0493298231623713,0,-0.5609748304808925
98,1,1,1,-0.48888661775358344,0,1,0.6272778976347743,0,0.059159876663617696
99,1,2,0,0.35646165878061953,0,1,-0.18532384824750675,2,0.059159876663617696
100,0,2,1,0.35646165878061953,1,0,-0.12491978668775715,2,0.059159876663617696
101,0,3,0,-0.10463740114712752,0,0,-0.4894421904510968,2,-0.5609748304808925
102,0,3,1,-0.10463740114712752,0,0,-0.4894421904510968,2,-0.5609748304808925
103,0,1,1,-0.6425863043961658,0,1,0.907737982394129,2,0.059159876663617696
104,0,3,1,0.27961181545932834,0,0,-0.4741720436887921,2,-0.5609748304808925
105,0,3,1,0.5870111887444931,2,0,-0.4888542575852486,2,0.6792945838081278
106,0,3,1,-0.10463740114712752,0,0,-0.4894421904510968,2,-0.5609748304808925
107,1,3,0,-0.6425863043961658,0,0,-0.494391296561559,2,-0.5609748304808925
108,1,3,1,-0.10463740114712752,0,0,-0.4918744606632361,2,-0.5609748304808925
109,0,3,1,0.6638610320657843,0,0,-0.4894421904510968,2,-0.5609748304808925
110,1,3,0,-0.10463740114712752,1,0,-0.1621689579829361,1,0.059159876663617696
111,0,1,1,1.3555096219574048,0,0,0.39858208016340624,2,-0.5609748304808925
112,0,3,0,-1.1421102859845584,1,0,-0.3573908580066095,0,0.059159876663617696
113,0,3,1,-0.5657364610748746,0,0,-0.4863374216869257,2,-0.5609748304808925
114,0,3,0,-0.719436147717457,1,0,-0.4505983519307405,2,0.059159876663617696
115,0,3,0,-0.9499856776813305,0,0,-0.3573083057891445,0,-0.5609748304808925
116,0,3,1,-0.6425863043961658,0,0,-0.4888542575852486,2,-0.5609748304808925
117,0,3,1,3.1614809400077477,0,0,-0.49237782784290063,1,-0.5609748304808925
118,0,2,1,-0.027787557825836348,1,0,-0.22559322262067316,2,0.059159876663617696
119,0,1,1,-0.41203677443229225,0,1,4.335332226633905,0,0.059159876663617696
120,0,3,0,-2.1027333275006983,4,2,-0.01870931177853076,2,3.1598334123861687
121,0,2,1,-0.6425863043961658,2,0,0.8314778546749452,2,0.6792945838081278
122,0,3,1,-0.10463740114712752,0,0,-0.4863374216869257,2,-0.5609748304808925
123,0,2,1,0.24118689379868277,1,0,-0.04295550208861426,0,0.059159876663617696
124,1,2,0,0.24118689379868277,0,0,-0.3866707201133388,2,-0.5609748304808925
125,0,1,1,1.893458525206443,0,1,0.907737982394129,2,0.059159876663617696
126,1,3,1,-1.3342348942877864,1,0,-0.42207354059350805,0,0.059159876663617696
127,0,3,1,-0.10463740114712752,0,0,-0.49237782784290063,1,-0.5609748304808925
128,1,3,1,-0.41203677443229225,0,0,-0.5046257580584992,2,-0.5609748304808925
129,1,3,0,-0.10463740114712752,1,1,-0.19824427701513722,0,0.6792945838081278
130,0,3,1,1.2018099353148226,0,0,-0.5079822104125026,2,-0.5609748304808925
131,0,3,1,0.27961181545932834,0,0,-0.4894421904510968,0,-0.5609748304808925
132,0,3,1,-0.719436147717457,0,0,-0.5064721088735089,2,-0.5609748304808925
133,0,3,0,1.3555096219574048,1,0,-0.35646868933346404,2,0.059159876663617696
134,1,2,0,-0.027787557825836348,1,0,-0.12491978668775715,2,0.059159876663617696
135,0,2,1,-0.33518693111100106,0,0,-0.3866707201133388,2,-0.5609748304808925
136,0,2,1,-0.48888661775358344,0,0,-0.3454791770670269,0,-0.5609748304808925
137,1,1,0,-0.7962859910387481,0,2,-0.11921562980779811,2,0.6792945838081278
138,0,1,1,0.5870111887444931,1,0,0.4207302360686478,2,0.059159876663617696
139,0,3,1,-1.0268355210026217,0,0,-0.4628462821463391,2,-0.5609748304808925
140,0,1,1,-0.41203677443229225,0,0,0.9462455716384695,0,-0.5609748304808925
141,0,3,0,-0.10463740114712752,0,2,-0.3414522396297103,0,0.6792945838081278
142,1,3,0,-0.5657364610748746,0,0,-0.49237782784290063,2,-0.5609748304808925
143,1,3,0,-0.41203677443229225,1,0,-0.32928686163157667,2,0.059159876663617696
144,0,3,1,-0.7962859910387481,0,0,-0.5125125150294839,1,-0.5609748304808925
145,0,2,1,-0.8731358343600393,0,0,-0.41687275089321363,2,-0.5609748304808925
146,0,2,1,-0.7962859910387481,1,1,0.09152810056801232,2,0.6792945838081278
147,1,3,1,-0.1814872444684187,0,0,-0.49145565916975514,2,-0.5609748304808925
148,0,3,0,-1.56478442425166,2,2,0.04370821849987721,2,1.9195639980971482
149,0,2,1,0.5485862670838475,0,2,-0.12491978668775715,2,0.6792945838081278
150,0,2,1,0.9712604053509489,0,0,-0.3866707201133388,2,-0.5609748304808925
151,0,2,1,1.6629089952425695,0,0,-0.39623469652696586,2,-0.5609748304808925
152,1,1,0,-0.5657364610748746,1,0,0.6925485130875209,2,0.059159876663617696
153,0,3,1,2.00873329018838,0,0,-0.4863374216869257,2,-0.5609748304808925
154,0,3,1,0.8559856403690123,0,2,-0.35646868933346404,2,0.6792945838081278
155,0,3,1,-0.10463740114712752,0,0,-0.5011867534870308,2,-0.5609748304808925
156,0,1,1,1.6629089952425695,0,1,0.5874293382238074,0,0.059159876663617696
157,1,3,0,-1.0268355210026217,0,0,-0.49271407711891657,1,-0.5609748304808925
158,0,3,1,0.04906228549545483,0,0,-0.4863374216869257,2,-0.5609748304808925
159,0,3,1,-0.10463740114712752,0,0,-0.47400492578514347,2,-0.5609748304808925
160,0,3,1,-0.10463740114712752,8,2,0.7519458402879414,2,5.64037224096421
161,0,3,1,1.1249600919935314,0,1,-0.32425318983493084,2,0.059159876663617696
162,1,2,0,0.8175607187083667,0,0,-0.331300330350235,2,-0.5609748304808925
163,0,3,1,-0.2583370877897099,0,0,-0.4918744606632361,2,-0.5609748304808925
164,0,3,1,-0.9499856776813305,0,0,-0.47400492578514347,2,-0.5609748304808925
165,0,3,1,-2.1795831708219895,4,1,0.1506737441786005,2,2.5396987052416584
166,1,3,1,-1.56478442425166,0,2,-0.2351571990343002,2,0.6792945838081278
167,1,1,0,-0.10463740114712752,0,1,0.4589861417231558,2,0.059159876663617696
168,0,3,0,1.2018099353148226,1,4,-0.08666388103324908,2,2.5396987052416584
169,0,1,1,-0.10463740114712752,0,0,-0.12642988822675086,2,-0.5609748304808925
170,0,3,1,-0.10463740114712752,0,0,0.48910360681684706,2,-0.5609748304808925
171,0,1,1,2.4314074284554814,0,0,0.026090367211616904,2,-0.5609748304808925
172,0,3,1,-1.949033640858116,4,1,-0.06199888922968463,1,2.5396987052416584
173,1,3,0,-2.1795831708219895,1,1,-0.4242561406845337,2,0.6792945838081278
174,0,3,1,-0.6425863043961658,0,0,-0.4888542575852486,2,-0.5609748304808925
175,0,1,1,2.0471582118490255,0,0,-0.030371322596999754,0,-0.5609748304808925
176,0,3,1,-0.8731358343600393,1,1,-0.4902797934380587,2,0.6792945838081278
177,0,3,1,-0.10463740114712752,3,1,-0.13565761536436197,2,1.9195639980971482
178,0,1,0,1.5860591519212783,0,0,-0.07030444769415023,0,-0.5609748304808925
179,0,2,1,0.04906228549545483,0,0,-0.3866707201133388,2,-0.5609748304808925
180,0,3,1,0.5101613454232019,0,0,-0.6484216535389205,2,-0.5609748304808925
181,0,3,0,-0.10463740114712752,8,2,0.7519458402879414,2,5.64037224096421
182,0,2,1,-0.10463740114712752,0,0,-0.34539461138084326,0,-0.5609748304808925
183,0,3,1,-1.56478442425166,4,2,-0.016444159470040135,2,3.1598334123861687
184,1,2,1,-2.1795831708219895,2,1,0.13683114673782454,2,1.299429290952638
185,1,3,0,-1.949033640858116,0,2,-0.20495516825442542,2,0.6792945838081278
186,0,1,1,-0.10463740114712752,0,0,0.3583127057902398,2,-0.5609748304808925
187,1,3,0,-0.10463740114712752,1,0,-0.3363340021468808,1,0.059159876663617696
188,1,1,1,1.2018099353148226,0,0,-0.11384570873513637,2,-0.5609748304808925
189,0,3,1,0.8175607187083667,1,1,-0.3363340021468808,1,0.6792945838081278
190,0,3,1,0.5101613454232019,0,0,-0.4894421904510968,2,-0.5609748304808925
191,1,2,0,0.20276197213803718,0,0,-0.3866707201133388,2,-0.5609748304808925
192,0,2,1,-0.7962859910387481,0,0,-0.3866707201133388,2,-0.5609748304808925
193,1,3,0,-0.7962859910387481,1,0,-0.4902797934380587,2,0.059159876663617696
194,1,2,1,-2.025883484179407,1,1,-0.12491978668775715,2,0.6792945838081278
195,1,1,0,1.1249600919935314,0,0,-0.09027201697708476,0,-0.5609748304808925
196,1,1,0,2.200857898491608,0,0,2.301728820789,0,-0.5609748304808925
197,0,3,1,-0.10463740114712752,0,0,-0.49237782784290063,1,-0.5609748304808925
198,0,3,1,0.9712604053509489,0,1,-0.47920571548543794,2,0.059159876663617696
199,1,3,0,-0.10463740114712752,0,0,-0.49237782784290063,1,-0.5609748304808925
200,0,2,0,-0.41203677443229225,0,0,-0.3866707201133388,2,-0.5609748304808925
201,0,3,1,-0.10463740114712752,0,0,-0.45714212526638004,2,-0.5609748304808925
202,0,3,1,-0.10463740114712752,8,2,0.7519458402879414,2,5.64037224096421
203,0,3,1,0.35646165878061953,0,0,-0.5176307525123133,2,-0.5609748304808925
204,0,3,1,1.2402348569754682,0,0,-0.5029485386158568,0,-0.5609748304808925
205,1,3,1,-0.8731358343600393,0,0,-0.4863374216869257,2,-0.5609748304808925
206,0,3,0,-2.1027333275006983,0,1,-0.43776248884929375,2,0.059159876663617696
207,0,3,1,0.20276197213803718,1,0,-0.32928686163157667,2,0.059159876663617696
208,1,3,1,-0.2583370877897099,0,0,-0.2701412180209885,0,-0.5609748304808925
209,1,3,0,-1.0268355210026217,0,0,-0.49237782784290063,1,-0.5609748304808925
210,1,1,1,0.8175607187083667,0,0,-0.024246350754841113,0,-0.5609748304808925
211,0,3,1,-0.41203677443229225,0,0,-0.5064721088735089,2,-0.5609748304808925
212,1,2,0,0.4333115021019107,0,0,-0.22559322262067316,2,-0.5609748304808925
213,0,3,1,-0.5657364610748746,0,0,-0.5024451714361923,2,-0.5609748304808925
214,0,2,1,0.04906228549545483,0,0,-0.3866707201133388,2,-0.5609748304808925
215,0,3,1,-0.10463740114712752,1,0,-0.49237782784290063,1,0.059159876663617696
216,1,1,0,0.12591212881674602,1,0,1.6323350375212924,0,0.059159876663617696
217,1,3,0,-0.1814872444684187,0,0,-0.4888542575852486,2,-0.5609748304808925
218,0,2,1,0.9712604053509489,1,0,-0.10478509950117394,2,0.059159876663617696
219,1,1,0,0.20276197213803718,0,0,0.8876878608937296,0,-0.5609748304808925
220,0,2,1,0.04906228549545483,0,0,-0.43700743807979686,2,-0.5609748304808925
221,1,3,1,-1.0268355210026217,0,0,-0.4863374216869257,2,-0.5609748304808925
222,0,2,1,-0.1814872444684187,0,0,-0.3866707201133388,2,-0.5609748304808925
223,0,3,1,1.6629089952425695,0,0,-0.4863374216869257,2,-0.5609748304808925
224,0,3,1,-0.10463740114712752,0,0,-0.4894421904510968,2,-0.5609748304808925
225,1,1,1,0.6638610320657843,1,0,1.163700193253568,2,0.059159876663617696
226,0,3,1,-0.5657364610748746,0,0,-0.4601623283443675,2,-0.5609748304808925
227,1,2,1,-0.7962859910387481,0,0,-0.43700743807979686,2,-0.5609748304808925
228,0,3,1,-0.6810112260568114,0,0,-0.5024451714361923,2,-0.5609748304808925
229,0,2,1,-0.8731358343600393,0,0,-0.3866707201133388,2,-0.5609748304808925
230,0,3,0,-0.10463740114712752,3,1,-0.13565761536436197,2,1.9195639980971482
231,1,1,0,0.4333115021019107,1,0,1.0323213593611125,2,0.059159876663617696
232,0,3,1,-0.027787557825836348,0,0,-0.4918744606632361,2,-0.5609748304808925
233,0,2,1,2.277707741812899,0,0,-0.3766033765200472,2,-0.5609748304808925
234,1,3,0,-1.8721837975368247,4,2,-0.016444159470040135,2,3.1598334123861687
235,0,2,1,-0.41203677443229225,0,0,-0.43700743807979686,2,-0.5609748304808925
236,0,3,0,-0.10463740114712752,0,0,-0.49640476528021726,2,-0.5609748304808925
237,0,2,1,1.1249600919935314,1,0,-0.12491978668775715,2,0.059159876663617696
238,1,2,0,-1.6416342675729512,0,2,-0.11988611489111134,2,0.6792945838081278
239,0,2,1,-0.7962859910387481,0,0,-0.43700743807979686,2,-0.5609748304808925
240,0,2,1,0.27961181545932834,0,0,-0.4012683683236117,2,-0.5609748304808925
241,0,3,0,-0.10463740114712752,1,0,-0.3573908580066095,0,0.059159876663617696
242,1,3,0,-0.10463740114712752,1,0,-0.3363340021468808,1,0.059159876663617696
243,0,2,1,-0.027787557825836348,0,0,-0.43700743807979686,2,-0.5609748304808925
244,0,3,1,-0.5657364610748746,0,0,-0.5049620073345151,2,-0.5609748304808925
245,0,3,1,0.04906228549545483,0,0,-0.5029485386158568,0,-0.5609748304808925
246,0,1,1,1.1249600919935314,2,0,1.163700193253568,1,0.6792945838081278
247,0,3,0,-0.33518693111100106,0,0,-0.4918744606632361,2,-0.5609748304808925
248,1,2,0,-0.41203677443229225,0,2,-0.35646868933346404,2,0.6792945838081278
249,1,1,1,0.5870111887444931,1,1,0.40974072380221066,2,0.6792945838081278
250,0,2,1,1.893458525206443,1,0,-0.12491978668775715,2,0.059159876663617696
251,0,3,1,-0.10463740114712752,0,0,-0.5024451714361923,2,-0.5609748304808925
252,0,3,0,-0.027787557825836348,1,1,-0.43776248884929375,2,0.6792945838081278
253,0,1,1,2.5082572717767726,0,0,-0.11384570873513637,2,-0.5609748304808925
254,0,3,1,0.04906228549545483,1,0,-0.32425318983493084,2,0.059159876663617696
255,0,3,0,0.8944105620296577,0,2,-0.2414492887801075,2,0.6792945838081278
256,1,3,0,-0.027787557825836348,0,2,-0.3414522396297103,0,0.6792945838081278
257,1,1,0,-0.10463740114712752,0,0,0.9462455716384695,0,-0.5609748304808925
258,1,1,0,0.04906228549545483,0,0,1.093228788100527,2,-0.5609748304808925
259,1,1,0,0.4333115021019107,0,0,9.667166525013505,0,-0.5609748304808925
260,1,2,0,1.5860591519212783,0,1,-0.12491978668775715,2,0.059159876663617696
261,0,3,1,-0.10463740114712752,0,0,-0.49237782784290063,1,-0.5609748304808925
262,1,3,1,-2.025883484179407,4,2,-0.016444159470040135,2,3.1598334123861687
263,0,1,1,1.7397588385638607,1,1,0.955306180872432,2,0.6792945838081278
264,0,1,1,0.8175607187083667,0,0,-0.6484216535389205,2,-0.5609748304808925
265,0,3,0,-0.10463740114712752,0,0,-0.49237782784290063,1,-0.5609748304808925
266,0,2,1,0.5101613454232019,0,0,-0.43700743807979686,2,-0.5609748304808925
267,0,3,1,-1.0268355210026217,4,1,0.1506737441786005,2,2.5396987052416584
268,1,3,1,-0.33518693111100106,1,0,-0.4918744606632361,2,0.059159876663617696
269,1,1,0,2.200857898491608,0,1,2.441497778832105,2,0.059159876663617696
270,1,1,0,0.4333115021019107,0,0,2.0825124140450755,2,-0.5609748304808925
271,0,1,1,-0.10463740114712752,0,0,-0.024246350754841113,2,-0.5609748304808925
272,1,3,1,-0.33518693111100106,0,0,-0.6484216535389205,2,-0.5609748304808925
273,1,2,0,0.8944105620296577,0,1,-0.255795253400548,2,0.059159876663617696
274,0,1,1,0.5870111887444931,0,1,-0.05042144409739929,0,0.059159876663617696
275,1,3,0,-0.10463740114712752,0,0,-0.49237782784290063,1,-0.5609748304808925
276,1,1,0,2.585107115098064,1,0,0.921244330558889,2,0.059159876663617696
277,0,3,0,1.2018099353148226,0,0,-0.49237782784290063,2,-0.5609748304808925
278,0,2,1,-0.10463740114712752,0,0,-0.6484216535389205,2,-0.5609748304808925
279,0,3,1,-1.7184841108942424,4,1,-0.06199888922968463,1,2.5396987052416584
280,1,3,0,0.4333115021019107,1,1,-0.24069423801061057,2,0.6792945838081278
281,0,3,1,2.738806801740646,0,0,-0.49237782784290063,1,-0.5609748304808925
282,0,3,1,-0.10463740114712752,0,0,-0.4902797934380587,2,-0.5609748304808925
283,0,3,1,-1.0268355210026217,0,0,-0.45714212526638004,2,-0.5609748304808925
284,1,3,1,-0.7962859910387481,0,0,-0.4863374216869257,2,-0.5609748304808925
285,0,1,1,-0.10463740114712752,0,0,-0.12491978668775715,2,-0.5609748304808925
286,0,3,1,0.27961181545932834,0,0,-0.47400492578514347,0,-0.5609748304808925
287,1,3,1,0.04906228549545483,0,0,-0.45714212526638004,2,-0.5609748304808925
288,0,3,1,-0.5657364610748746,0,0,-0.4894421904510968,2,-0.5609748304808925
289,1,2,1,0.9712604053509489,0,0,-0.3866707201133388,2,-0.5609748304808925
290,1,3,0,-0.5657364610748746,0,0,-0.49237782784290063,1,-0.5609748304808925
291,1,1,0,-0.2583370877897099,0,0,0.9391984311231651,2,-0.5609748304808925
292,1,1,0,-0.7962859910387481,1,0,1.1854295476653287,0,0.059159876663617696
293,0,2,1,0.5101613454232019,0,0,-0.3891875560116617,0,-0.5609748304808925
294,0,3,0,-0.41203677443229225,0,0,-0.4702296719376591,2,-0.5609748304808925
295,0,3,1,-0.41203677443229225,0,0,-0.4894421904510968,2,-0.5609748304808925
296,0,1,1,-0.10463740114712752,0,0,-0.09027201697708476,0,-0.5609748304808925
297,0,3,1,-0.45046169609293785,0,0,-0.5028639729296732,0,-0.5609748304808925
298,0,1,0,-2.1027333275006983,1,2,2.4029901895877646,2,1.299429290952638
299,1,1,1,-0.10463740114712752,0,0,-0.034313694348132716,2,-0.5609748304808925
300,1,1,0,1.5860591519212783,0,1,4.335332226633905,0,0.059159876663617696
301,1,3,0,-0.10463740114712752,0,0,-0.49237782784290063,1,-0.5609748304808925
302,1,3,1,-0.10463740114712752,2,0,-0.18029017645086096,1,0.6792945838081278
303,0,3,1,-0.7962859910387481,0,0,-0.6484216535389205,2,-0.5609748304808925
304,1,2,0,-0.10463740114712752,0,0,-0.3997582667846179,1,-0.5609748304808925
305,0,3,1,-0.10463740114712752,0,0,-0.4863374216869257,2,-0.5609748304808925
306,1,1,1,-2.1857311582876924,1,2,2.4029901895877646,2,1.299429290952638
307,1,1,0,-0.10463740114712752,0,0,1.5841789061771412,0,-0.5609748304808925
308,1,1,0,-0.9499856776813305,1,0,1.5442457810799908,0,0.059159876663617696
309,0,2,1,0.04906228549545483,1,0,-0.16518916106092355,0,0.059159876663617696
310,1,1,0,0.04906228549545483,0,0,0.49782998024351216,0,-0.5609748304808925
311,1,1,0,-0.41203677443229225,0,0,1.0259447039291216,0,-0.5609748304808925
312,1,1,0,-0.8731358343600393,2,2,4.634416897040849,0,1.9195639980971482
313,0,2,0,-0.2583370877897099,1,1,-0.12491978668775715,2,0.6792945838081278
314,0,3,1,-0.10463740114712752,0,0,-0.4894421904510968,2,-0.5609748304808925
315,0,2,1,1.0481102486722402,1,1,-0.11988611489111134,2,0.6792945838081278
316,1,3,0,-0.2583370877897099,0,0,-0.4902797934380587,2,-0.5609748304808925
317,1,2,0,-0.41203677443229225,1,0,-0.12491978668775715,2,0.059159876663617696
318,0,2,1,1.893458525206443,0,0,-0.36653603292675563,2,-0.5609748304808925
319,1,1,0,0.12591212881674602,0,2,2.671117778445337,2,0.6792945838081278
320,1,1,0,0.8175607187083667,1,1,2.059693773056521,0,0.6792945838081278
321,0,3,1,-0.5657364610748746,0,0,-0.5024451714361923,2,-0.5609748304808925
322,0,3,1,-0.1814872444684187,0,0,-0.4894421904510968,2,-0.5609748304808925
323,1,2,0,0.04906228549545483,0,0,-0.3997582667846179,1,-0.5609748304808925
324,1,2,0,-0.5657364610748746,1,1,-0.06451572512800753,2,0.6792945838081278
325,0,3,1,-0.10463740114712752,8,2,0.7519458402879414,2,5.64037224096421
326,1,1,0,0.5101613454232019,0,0,2.0825124140450755,0,-0.5609748304808925
327,0,3,1,2.4314074284554814,0,0,-0.5228315422126077,2,-0.5609748304808925
328,1,2,0,0.5101613454232019,0,0,-0.3866707201133388,2,-0.5609748304808925
329,1,3,0,0.12591212881674602,1,1,-0.2351571990343002,2,0.6792945838081278
330,1,1,0,-1.0268355210026217,0,1,0.5189714017894245,0,0.059159876663617696
331,1,3,0,-0.10463740114712752,2,0,-0.18029017645086096,1,0.6792945838081278
332,0,1,1,1.2402348569754682,0,0,-0.07458306872129913,2,-0.5609748304808925
333,0,1,1,0.6638610320657843,0,1,2.441497778832105,2,0.059159876663617696
334,0,3,1,-1.0268355210026217,2,0,-0.2859972841804228,2,0.6792945838081278
335,1,1,0,-0.10463740114712752,1,0,2.042579288947925,2,0.059159876663617696
336,0,3,1,-0.10463740114712752,0,0,-0.4894421904510968,2,-0.5609748304808925
337,0,1,1,-0.027787557825836348,1,0,0.6925485130875209,2,0.059159876663617696
338,1,1,0,0.8944105620296577,0,0,2.059693773056521,0,-0.5609748304808925
339,1,3,1,1.2018099353148226,0,0,-0.4863374216869257,2,-0.5609748304808925
340,0,1,1,1.2018099353148226,0,0,0.06635974158478332,2,-0.5609748304808925
341,1,2,1,-2.1027333275006983,1,1,-0.12491978668775715,2,0.6792945838081278
342,1,1,0,-0.41203677443229225,3,2,4.647001076532463,2,2.5396987052416584
343,0,2,1,-0.10463740114712752,0,0,-0.3866707201133388,2,-0.5609748304808925
344,0,2,1,-0.33518693111100106,0,0,-0.3866707201133388,2,-0.5609748304808925
345,0,2,1,0.5101613454232019,0,0,-0.3866707201133388,2,-0.5609748304808925
346,1,2,0,-0.41203677443229225,0,0,-0.3866707201133388,2,-0.5609748304808925
347,1,2,0,0.8175607187083667,0,0,-0.3866707201133388,2,-0.5609748304808925
348,1,3,0,-0.10463740114712752,1,0,-0.32425318983493084,2,0.059159876663617696
349,1,3,1,-2.025883484179407,1,1,-0.32828012727224753,2,0.6792945838081278
350,0,3,1,0.9712604053509489,0,0,-0.47400492578514347,2,-0.5609748304808925
351,0,3,1,-0.48888661775358344,0,0,-0.4626791642426904,2,-0.5609748304808925
352,0,1,1,-0.10463740114712752,0,0,0.05629239799149171,2,-0.5609748304808925
353,0,3,1,-1.1036853643239128,1,1,-0.5028639729296732,0,0.6792945838081278
354,0,3,1,-0.33518693111100106,1,0,-0.29002422161773944,2,0.059159876663617696
355,0,3,1,-0.10463740114712752,0,0,-0.5029485386158568,0,-0.5609748304808925
356,0,3,1,-0.10463740114712752,0,0,-0.45714212526638004,2,-0.5609748304808925
357,1,1,0,-0.5657364610748746,0,1,0.4589861417231558,2,0.059159876663617696
358,0,2,0,0.6638610320657843,0,0,-0.3866707201133388,2,-0.5609748304808925
359,1,3,0,-0.10463740114712752,0,0,-0.48977642625839407,1,-0.5609748304808925
360,1,3,0,-0.10463740114712752,0,0,-0.48977642625839407,1,-0.5609748304808925
361,0,3,1,0.8175607187083667,1,4,-0.08666388103324908,2,2.5396987052416584
362,0,2,1,-0.027787557825836348,1,0,-0.09027201697708476,0,0.059159876663617696
363,0,3,0,1.2018099353148226,0,1,-0.3573908580066095,0,0.059159876663617696
364,0,3,1,0.4333115021019107,0,0,-0.5064721088735089,2,-0.5609748304808925
365,0,3,1,-0.10463740114712752,1,0,-0.3363340021468808,1,0.059159876663617696
366,0,3,1,0.04906228549545483,0,0,-0.5024451714361923,2,-0.5609748304808925
367,1,1,0,2.3545575851341902,1,0,0.8667135572514657,0,0.059159876663617696
368,1,3,0,-0.10463740114712752,0,0,-0.5028639729296732,0,-0.5609748304808925
369,1,3,0,-0.10463740114712752,0,0,-0.49237782784290063,1,-0.5609748304808925
370,1,1,0,-0.41203677443229225,0,0,0.7469121684912956,0,-0.5609748304808925
371,1,1,1,-0.33518693111100106,1,0,0.4678796330534696,0,0.059159876663617696
372,0,3,1,-0.8731358343600393,1,0,-0.5176307525123133,2,0.059159876663617696
373,0,3,1,-0.7962859910387481,0,0,-0.4863374216869257,2,-0.5609748304808925
374,0,1,1,-0.5657364610748746,0,0,2.0825124140450755,0,-0.5609748304808925
375,0,3,0,-2.025883484179407,3,1,-0.22408312108167944,2,1.9195639980971482
376,1,1,0,-0.10463740114712752,1,0,1.0060617003323709,0,0.059159876663617696
377,1,3,0,-0.5657364610748746,0,0,-0.5024451714361923,2,-0.5609748304808925
378,0,1,1,-0.1814872444684187,0,2,3.610064686423428,0,0.6792945838081278
379,0,3,1,-0.719436147717457,0,0,-0.5676312212027554,0,-0.5609748304808925
380,0,3,1,-0.7962859910387481,0,0,-0.4918744606632361,2,-0.5609748304808925
381,1,1,0,0.9712604053509489,0,0,3.9327230485884233,0,-0.5609748304808925
382,1,3,0,-2.1795831708219895,0,2,-0.33146744825388363,0,0.6792945838081278
383,0,3,1,0.20276197213803718,0,0,-0.4888542575852486,2,-0.5609748304808925
384,1,1,0,0.4333115021019107,1,0,0.39858208016340624,2,0.059159876663617696
385,0,3,1,-0.10463740114712752,0,0,-0.4894421904510968,2,-0.5609748304808925
386,0,2,1,-0.8731358343600393,0,0,0.8314778546749452,2,-0.5609748304808925
387,0,3,1,-2.1795831708219895,5,2,0.2958951755118318,2,3.779968119530679
388,1,2,0,0.5101613454232019,0,0,-0.3866707201133388,2,-0.5609748304808925
389,0,3,1,-0.10463740114712752,0,0,-0.49279662933638163,1,-0.5609748304808925
390,1,2,0,-0.9499856776813305,0,0,-0.40680540729992204,0,-0.5609748304808925
391,1,1,1,0.5101613454232019,1,2,1.7677408088510642,2,1.299429290952638
392,1,3,1,-0.6425863043961658,0,0,-0.49145565916975514,2,-0.5609748304808925
393,0,3,1,-0.10463740114712752,2,0,-0.4888542575852486,2,0.6792945838081278
394,1,1,0,-0.48888661775358344,1,0,1.6323350375212924,0,0.059159876663617696
395,1,3,0,-0.41203677443229225,0,2,-0.312172377522981,2,0.6792945838081278
396,0,3,1,-0.5657364610748746,0,0,-0.49145565916975514,2,-0.5609748304808925
397,0,3,0,0.12591212881674602,0,0,-0.4902797934380587,2,-0.5609748304808925
398,0,2,1,1.2786597786361138,0,0,-0.12491978668775715,2,-0.5609748304808925
399,0,2,1,-0.48888661775358344,0,0,-0.43700743807979686,2,-0.5609748304808925
400,1,2,0,-0.10463740114712752,0,0,-0.393717860628643,2,-0.5609748304808925
401,1,3,1,0.7407108753870755,0,0,-0.4888542575852486,2,-0.5609748304808925
402,0,3,1,-0.2583370877897099,0,0,-0.4863374216869257,2,-0.5609748304808925
403,0,3,0,-0.6425863043961658,1,0,-0.4505983519307405,2,0.059159876663617696
404,0,3,1,-0.10463740114712752,1,0,-0.32928686163157667,2,0.059159876663617696
405,0,3,0,-0.719436147717457,0,0,-0.47400492578514347,2,-0.5609748304808925
406,0,2,1,0.35646165878061953,1,0,-0.22559322262067316,2,0.059159876663617696
407,0,3,1,1.6629089952425695,0,0,-0.49237782784290063,2,-0.5609748304808925
408,1,2,1,-2.025883484179407,1,1,-0.2708962687904854,2,0.6792945838081278
409,0,3,1,-0.6425863043961658,0,0,-0.4918744606632361,2,-0.5609748304808925
410,0,3,0,-0.10463740114712752,3,1,-0.13565761536436197,2,1.9195639980971482
411,0,3,1,-0.10463740114712752,0,0,-0.4894421904510968,2,-0.5609748304808925
412,0,3,1,-0.10463740114712752,0,0,-0.5103319284071769,1,-0.5609748304808925
413,1,1,0,0.27961181545932834,1,0,1.163700193253568,1,0.059159876663617696
414,0,2,1,-0.10463740114712752,0,0,-0.6484216535389205,2,-0.5609748304808925
415,1,3,1,1.1249600919935314,0,0,-0.4888542575852486,2,-0.5609748304808925
416,0,3,0,-0.10463740114712752,0,0,-0.4863374216869257,2,-0.5609748304808925
417,1,2,0,0.35646165878061953,1,1,0.005955680025033696,2,0.6792945838081278
418,1,2,0,-0.8731358343600393,0,2,-0.3866707201133388,2,0.6792945838081278
419,0,2,1,0.04906228549545483,0,0,-0.3866707201133388,2,-0.5609748304808925
420,0,3,0,-1.4879345809303688,0,2,-0.1621689579829361,2,0.6792945838081278
421,0,3,1,-0.10463740114712752,0,0,-0.4894421904510968,0,-0.5609748304808925
422,0,3,1,-0.6425863043961658,0,0,-0.49271407711891657,1,-0.5609748304808925
423,0,3,1,-0.027787557825836348,0,0,-0.4898609919445778,2,-0.5609748304808925
424,0,3,0,-0.10463740114712752,1,1,-0.35848215805212236,2,0.6792945838081278
425,0,3,1,-0.8731358343600393,1,1,-0.2414492887801075,2,0.6792945838081278
426,0,3,1,-0.10463740114712752,0,0,-0.5024451714361923,2,-0.5609748304808925
427,1,2,0,-0.10463740114712752,1,0,-0.12491978668775715,2,0.059159876663617696
428,1,2,0,-0.7962859910387481,0,0,-0.12491978668775715,2,-0.5609748304808925
429,0,3,1,-0.10463740114712752,0,0,-0.49237782784290063,1,-0.5609748304808925
430,1,3,1,0.20276197213803718,0,0,-0.4863374216869257,2,-0.5609748304808925
431,1,1,1,-0.10463740114712752,0,0,-0.11384570873513637,2,-0.5609748304808925
432,1,3,0,-0.10463740114712752,1,0,-0.32425318983493084,2,0.059159876663617696
433,1,2,0,0.9712604053509489,1,0,-0.12491978668775715,2,0.059159876663617696
434,0,3,1,-0.9499856776813305,0,0,-0.5049620073345151,2,-0.5609748304808925
435,0,1,1,1.5860591519212783,1,0,0.4771073601910807,2,0.059159876663617696
436,1,1,0,-1.180535207645204,1,2,1.7677408088510642,2,1.299429290952638
437,0,3,0,-0.6425863043961658,2,2,0.04370821849987721,2,1.9195639980971482
438,1,2,0,-0.41203677443229225,2,3,-0.2708962687904854,2,2.5396987052416584
439,0,1,1,2.661956958419355,1,4,4.647001076532463,2,2.5396987052416584
440,0,2,1,0.12591212881674602,0,0,-0.43700743807979686,2,-0.5609748304808925
441,1,2,0,1.2018099353148226,1,1,-0.11988611489111134,2,0.6792945838081278
442,0,3,1,-0.719436147717457,0,0,-0.45714212526638004,2,-0.5609748304808925
443,0,3,1,-0.33518693111100106,1,0,-0.4918744606632361,2,0.059159876663617696
444,1,2,0,-0.10463740114712752,0,0,-0.3866707201133388,2,-0.5609748304808925
445,1,3,1,-0.10463740114712752,0,0,-0.48507900373776425,2,-0.5609748304808925
446,1,1,1,-1.949033640858116,0,2,0.9997696105865636,2,0.6792945838081278
447,1,2,0,-1.2573850509664952,0,1,-0.255795253400548,2,0.059159876663617696
448,1,1,1,0.35646165878061953,0,0,-0.11384570873513637,2,-0.5609748304808925
449,1,3,0,-1.8721837975368247,2,1,-0.26066180729354516,0,1.299429290952638
450,1,1,1,1.7397588385638607,0,0,-0.034313694348132716,2,-0.5609748304808925
451,0,2,1,0.5101613454232019,1,2,-0.08968408411123653,2,1.299429290952638
452,0,3,1,-0.10463740114712752,1,0,-0.2463983948905696,2,0.059159876663617696
453,0,1,1,0.04906228549545483,0,0,-0.08968408411123653,0,-0.5609748304808925
454,1,1,1,1.5092093085999871,1,0,1.145663540471827,0,0.059159876663617696
455,0,3,1,-0.10463740114712752,0,0,-0.4863374216869257,2,-0.5609748304808925
456,1,3,1,-0.027787557825836348,0,0,-0.4894421904510968,0,-0.5609748304808925
457,0,1,1,2.738806801740646,0,0,-0.11384570873513637,2,-0.5609748304808925
458,1,1,0,-0.10463740114712752,1,0,0.395813560675251,2,0.059159876663617696
459,1,2,0,1.5860591519212783,0,0,-0.43700743807979686,2,-0.5609748304808925
460,0,3,1,-0.10463740114712752,0,0,-0.49237782784290063,1,-0.5609748304808925
461,1,1,1,1.432359465278696,0,0,-0.11384570873513637,2,-0.5609748304808925
462,0,3,1,0.35646165878061953,0,0,-0.4863374216869257,2,-0.5609748304808925
463,0,1,1,1.3555096219574048,0,0,0.12676380314453292,2,-0.5609748304808925
464,0,2,1,1.432359465278696,0,0,-0.3866707201133388,2,-0.5609748304808925
465,0,3,1,-0.10463740114712752,0,0,-0.4863374216869257,2,-0.5609748304808925
466,0,3,1,0.6638610320657843,0,0,-0.5064721088735089,2,-0.5609748304808925
467,0,2,1,-0.10463740114712752,0,0,-0.6484216535389205,2,-0.5609748304808925
468,0,1,1,2.0471582118490255,0,0,-0.11384570873513637,2,-0.5609748304808925
469,0,3,1,-0.10463740114712752,0,0,-0.4928811950225652,1,-0.5609748304808925
470,1,3,0,-2.1987956316523123,2,1,-0.26066180729354516,0,1.299429290952638
471,0,3,1,-0.10463740114712752,0,0,-0.5024451714361923,2,-0.5609748304808925
472,0,3,1,0.6638610320657843,0,0,-0.47400492578514347,2,-0.5609748304808925
473,1,2,0,0.27961181545932834,1,2,-0.08968408411123653,2,1.299429290952638
474,1,2,0,-0.48888661775358344,0,0,-0.3707300882677209,0,-0.5609748304808925
475,0,3,0,-0.5657364610748746,0,0,-0.45034666834090825,2,-0.5609748304808925
476,0,1,1,-0.10463740114712752,0,0,0.39858208016340624,2,-0.5609748304808925
477,0,2,1,0.35646165878061953,1,0,-0.22559322262067316,2,0.059159876663617696
478,0,3,1,-0.027787557825836348,1,0,-0.5065566745596926,2,0.059159876663617696
479,0,3,1,-0.5657364610748746,0,0,-0.4969926981460655,2,-0.5609748304808925
480,1,3,0,-2.1027333275006983,0,1,-0.4010166847337793,2,0.059159876663617696
481,0,3,1,-1.56478442425166,5,2,0.2958951755118318,2,3.779968119530679
482,0,2,1,-0.10463740114712752,0,0,-0.6484216535389205,2,-0.5609748304808925
483,0,3,1,1.5860591519212783,0,0,-0.4863374216869257,2,-0.5609748304808925
484,1,3,0,2.585107115098064,0,0,-0.455380340137554,2,-0.5609748304808925
485,1,1,1,-0.33518693111100106,1,0,1.1854295476653287,0,0.059159876663617696
486,0,3,0,-0.10463740114712752,3,1,-0.13565761536436197,2,1.9195639980971482
487,1,1,0,0.4333115021019107,1,0,1.163700193253568,2,0.059159876663617696
488,0,1,1,2.200857898491608,0,0,-0.05042144409739929,0,-0.5609748304808925
489,0,3,1,0.04906228549545483,0,0,-0.4863374216869257,2,-0.5609748304808925
490,1,3,1,-1.56478442425166,1,1,-0.32828012727224753,2,0.6792945838081278
491,0,3,1,-0.10463740114712752,1,0,-0.2463983948905696,2,0.059159876663617696
492,0,3,1,-0.6425863043961658,0,0,-0.5024451714361923,2,-0.5609748304808925
493,0,1,1,1.9703083685277343,0,0,-0.034313694348132716,2,-0.5609748304808925
494,0,1,1,3.1999058616683933,0,0,0.3483299278831318,0,-0.5609748304808925
495,0,3,1,-0.6425863043961658,0,0,-0.4863374216869257,2,-0.5609748304808925
496,0,3,1,-0.10463740114712752,0,0,-0.3573083057891445,0,-0.5609748304808925
497,1,1,0,1.893458525206443,1,0,0.9274538680872313,0,0.059159876663617696
498,0,3,1,-0.10463740114712752,0,0,-0.3443878770215141,2,-0.5609748304808925
499,0,1,0,-0.33518693111100106,1,2,2.4029901895877646,2,1.299429290952638
500,0,3,1,-0.41203677443229225,0,0,-0.49145565916975514,2,-0.5609748304808925
501,0,3,1,-0.9499856776813305,0,0,-0.47400492578514347,2,-0.5609748304808925
502,0,3,0,-0.6425863043961658,0,0,-0.49237782784290063,1,-0.5609748304808925
503,0,3,0,-0.10463740114712752,0,0,-0.4948100980550399,1,-0.5609748304808925
504,0,3,0,0.5870111887444931,0,0,-0.455380340137554,2,-0.5609748304808925
505,1,1,0,-1.0268355210026217,0,0,1.093228788100527,2,-0.5609748304808925
506,0,1,1,-0.8731358343600393,1,0,1.5442457810799908,0,0.059159876663617696
507,1,2,0,0.27961181545932834,0,2,-0.12491978668775715,2,0.6792945838081278
508,1,1,1,-0.10463740114712752,0,0,-0.11384570873513637,2,-0.5609748304808925
509,0,3,1,-0.10463740114712752,0,0,-0.1948878246611338,2,-0.5609748304808925
510,1,3,1,-0.2583370877897099,0,0,0.48910360681684706,2,-0.5609748304808925
511,1,3,1,-0.027787557825836348,0,0,-0.49237782784290063,1,-0.5609748304808925
512,0,3,1,-0.10463740114712752,0,0,-0.4863374216869257,2,-0.5609748304808925
513,1,1,1,0.5101613454232019,0,0,-0.11913106412161445,2,-0.5609748304808925
514,1,1,0,1.893458525206443,1,0,0.5475787653441219,0,0.059159876663617696
515,0,3,1,-0.41203677443229225,0,0,-0.4974960653257301,2,-0.5609748304808925
516,0,1,1,1.3555096219574048,0,0,0.036576512298389464,2,-0.5609748304808925
517,1,2,0,0.35646165878061953,0,0,-0.43700743807979686,2,-0.5609748304808925
518,0,3,1,-0.10463740114712752,0,0,-0.1621689579829361,1,-0.5609748304808925
519,1,2,0,0.5101613454232019,1,0,-0.12491978668775715,2,0.059159876663617696
520,0,3,1,0.20276197213803718,0,0,-0.4894421904510968,2,-0.5609748304808925
521,1,1,0,0.04906228549545483,0,0,1.2341715984066093,2,-0.5609748304808925
522,0,3,1,-0.5657364610748746,0,0,-0.4894421904510968,2,-0.5609748304808925
523,0,3,1,-0.10463740114712752,0,0,-0.5029485386158568,0,-0.5609748304808925
524,1,1,0,1.1249600919935314,0,1,0.5189714017894245,0,0.059159876663617696
525,0,3,1,-0.10463740114712752,0,0,-0.5028639729296732,0,-0.5609748304808925
526,0,3,1,0.8559856403690123,0,0,-0.49237782784290063,1,-0.5609748304808925
527,1,2,0,1.5860591519212783,0,0,-0.43700743807979686,2,-0.5609748304808925
528,0,1,1,-0.10463740114712752,0,0,3.817033162951754,2,-0.5609748304808925
529,0,3,1,0.7407108753870755,0,0,-0.4888542575852486,2,-0.5609748304808925
530,0,2,1,-0.48888661775358344,2,1,-0.41687275089321363,2,1.299429290952638
531,1,2,0,-2.1027333275006983,1,1,-0.12491978668775715,2,0.6792945838081278
532,0,3,1,-0.10463740114712752,0,0,-0.5028639729296732,0,-0.5609748304808925
533,0,3,1,-0.9499856776813305,1,1,-0.5028639729296732,0,0.6792945838081278
534,1,3,0,-0.10463740114712752,0,2,-0.19824427701513722,0,0.6792945838081278
535,0,3,0,0.04906228549545483,0,0,-0.47400492578514347,2,-0.5609748304808925
536,1,2,0,-1.7184841108942424,0,2,-0.11988611489111134,2,0.6792945838081278
537,0,1,1,1.2018099353148226,0,0,-0.11384570873513637,2,-0.5609748304808925
538,1,1,0,0.04906228549545483,0,0,1.4944124302931971,0,-0.5609748304808925
539,0,3,1,-0.10463740114712752,0,0,-0.35646868933346404,2,-0.5609748304808925
540,1,1,0,-0.5657364610748746,0,2,0.3482453621969482,0,0.6792945838081278
541,1,1,0,0.5101613454232019,0,2,0.7811411367084872,2,0.6792945838081278
542,0,3,0,-1.56478442425166,4,2,-0.01870931177853076,2,3.1598334123861687
543,0,3,0,-1.4110847376090776,4,2,-0.01870931177853076,2,3.1598334123861687
544,1,2,1,0.20276197213803718,1,0,-0.12491978668775715,2,0.059159876663617696
545,0,1,1,1.5860591519212783,1,0,1.4944124302931971,0,0.059159876663617696
546,0,1,1,2.661956958419355,0,0,-0.12491978668775715,2,-0.5609748304808925
547,1,2,0,-0.7962859910387481,1,0,-0.12491978668775715,2,0.059159876663617696
548,1,2,1,-0.10463740114712752,0,0,-0.3693045524149108,0,-0.5609748304808925
549,0,3,1,0.27961181545932834,1,1,-0.2351571990343002,2,0.6792945838081278
550,1,2,1,-1.6416342675729512,1,1,0.09152810056801232,2,0.6792945838081278
551,1,1,1,-0.9499856776813305,0,2,1.5841789061771412,0,0.6792945838081278
552,0,2,1,-0.1814872444684187,0,0,-0.12491978668775715,2,-0.5609748304808925
553,0,3,1,-0.10463740114712752,0,0,-0.49078316061772326,1,-0.5609748304808925
554,1,3,1,-0.5657364610748746,0,0,-0.5029485386158568,0,-0.5609748304808925
555,1,3,0,-0.5657364610748746,0,0,-0.4918744606632361,2,-0.5609748304808925
556,0,1,1,2.5082572717767726,0,0,-0.11384570873513637,2,-0.5609748304808925
557,1,1,0,1.432359465278696,1,0,0.1489119590497745,0,0.059159876663617696
558,0,1,1,-0.10463740114712752,0,0,3.9327230485884233,0,-0.5609748304808925
559,1,1,0,0.7407108753870755,1,1,0.955306180872432,2,0.6792945838081278
560,1,3,0,0.5101613454232019,1,0,-0.29807809649237277,2,0.059159876663617696
561,0,3,1,-0.10463740114712752,0,0,-0.49237782784290063,1,-0.5609748304808925
562,0,3,1,0.8175607187083667,0,0,-0.4894421904510968,2,-0.5609748304808925
563,0,2,1,-0.10463740114712752,0,0,-0.3766033765200472,2,-0.5609748304808925
564,0,3,1,-0.10463740114712752,0,0,-0.4863374216869257,2,-0.5609748304808925
565,0,3,0,-0.10463740114712752,0,0,-0.4863374216869257,2,-0.5609748304808925
566,0,3,1,-0.41203677443229225,2,0,-0.1621689579829361,2,0.6792945838081278
567,0,3,1,-0.7962859910387481,0,0,-0.4894421904510968,2,-0.5609748304808925
568,0,3,0,-0.027787557825836348,0,4,-0.22408312108167944,2,1.9195639980971482
569,0,3,1,-0.10463740114712752,0,0,-0.5028639729296732,0,-0.5609748304808925
570,1,3,1,0.20276197213803718,0,0,-0.4902797934380587,2,-0.5609748304808925
571,1,2,1,2.5082572717767726,0,0,-0.43700743807979686,2,-0.5609748304808925
572,1,1,0,1.816608681885152,2,0,0.38809593507663365,2,0.6792945838081278
573,1,1,1,0.5101613454232019,0,0,-0.11711759540295616,2,-0.5609748304808925
574,1,3,0,-0.10463740114712752,0,0,-0.49237782784290063,1,-0.5609748304808925
575,0,3,1,-1.0268355210026217,0,0,-0.4863374216869257,2,-0.5609748304808925
576,0,3,1,-0.7962859910387481,0,0,-0.35646868933346404,2,-0.5609748304808925
577,1,2,0,0.35646165878061953,0,0,-0.3866707201133388,2,-0.5609748304808925
578,1,1,0,0.7407108753870755,1,0,0.4771073601910807,2,0.059159876663617696
579,0,3,0,-0.10463740114712752,1,0,-0.3573083057891445,0,0.059159876663617696
580,1,3,1,0.20276197213803718,0,0,-0.4888542575852486,2,-0.5609748304808925
581,1,2,0,-0.33518693111100106,1,1,-0.04438103794142432,2,0.6792945838081278
582,1,1,0,0.7407108753870755,1,1,1.5841789061771412,0,0.6792945838081278
583,0,2,1,1.893458525206443,0,0,-0.12491978668775715,2,-0.5609748304808925
584,0,1,1,0.5101613454232019,0,0,0.15948266982273065,0,-0.5609748304808925
585,0,3,1,-0.10463740114712752,0,0,-0.47299819142581434,0,-0.5609748304808925
586,1,1,0,-0.8731358343600393,0,2,0.955306180872432,2,0.6792945838081278
587,0,2,1,1.3555096219574048,0,0,-0.3464013457401724,2,-0.5609748304808925
588,1,1,1,2.3545575851341902,1,1,0.9462455716384695,0,0.6792945838081278
589,0,3,1,-0.5657364610748746,0,0,-0.4863374216869257,2,-0.5609748304808925
590,0,3,1,-0.10463740114712752,0,0,-0.4863374216869257,2,-0.5609748304808925
591,0,3,1,0.4333115021019107,0,0,-0.5049620073345151,2,-0.5609748304808925
592,1,1,0,1.7397588385638607,1,0,0.9274538680872313,0,0.059159876663617696
593,0,3,1,1.3555096219574048,0,0,-0.5024451714361923,2,-0.5609748304808925
594,0,3,0,-0.10463740114712752,0,2,-0.49237782784290063,1,0.6792945838081278
595,0,2,1,0.5870111887444931,1,0,-0.12491978668775715,2,0.059159876663617696
596,0,3,1,0.5101613454232019,1,1,-0.1621689579829361,2,0.6792945838081278
597,1,2,0,-0.10463740114712752,0,0,0.016023023618325298,2,-0.5609748304808925
598,0,3,1,1.5092093085999871,0,0,-0.6484216535389205,2,-0.5609748304808925
599,0,3,1,-0.10463740114712752,0,0,-0.5029485386158568,0,-0.5609748304808925
600,1,1,1,1.5092093085999871,1,0,0.49782998024351216,0,0.059159876663617696
601,1,2,0,-0.41203677443229225,2,1,-0.10478509950117394,2,1.299429290952638
602,0,3,1,-0.10463740114712752,0,0,-0.4894421904510968,2,-0.5609748304808925
603,0,1,1,-0.10463740114712752,0,0,0.2052890831722074,2,-0.5609748304808925
604,0,3,1,1.1249600919935314,0,0,-0.4863374216869257,2,-0.5609748304808925
605,1,1,1,0.4333115021019107,0,0,-0.11384570873513637,0,-0.5609748304808925
606,0,3,1,0.5101613454232019,1,0,-0.3353272677875516,2,0.059159876663617696
607,0,3,1,0.04906228549545483,0,0,-0.4894421904510968,2,-0.5609748304808925
608,1,1,1,-0.1814872444684187,0,0,-0.034313694348132716,2,-0.5609748304808925
609,1,2,0,-0.5657364610748746,1,2,0.18876253192945994,0,1.299429290952638
610,1,1,0,0.8175607187083667,0,0,2.441497778832105,2,-0.5609748304808925
611,0,3,0,0.7407108753870755,1,5,-0.01870931177853076,2,3.1598334123861687
612,0,3,1,-0.10463740114712752,0,0,-0.5064721088735089,2,-0.5609748304808925
613,1,3,0,-0.10463740114712752,1,0,-0.3363340021468808,1,0.059159876663617696
614,0,3,1,-0.10463740114712752,0,0,-0.49237782784290063,1,-0.5609748304808925
615,0,3,1,0.4333115021019107,0,0,-0.4863374216869257,2,-0.5609748304808925
616,1,2,0,-0.41203677443229225,1,2,0.6603330135889879,2,1.299429290952638
617,0,3,1,0.35646165878061953,1,1,-0.35848215805212236,2,0.6792945838081278
618,0,3,0,-0.2583370877897099,1,0,-0.32425318983493084,2,0.059159876663617696
619,1,2,0,-1.949033640858116,2,1,0.13683114673782454,2,1.299429290952638
620,0,2,1,-0.2583370877897099,0,0,-0.43700743807979686,2,-0.5609748304808925
621,0,3,1,-0.1814872444684187,1,0,-0.3573908580066095,0,0.059159876663617696
622,1,1,1,0.9712604053509489,1,0,0.40974072380221066,2,0.059159876663617696
623,1,3,1,-0.719436147717457,1,1,-0.33146744825388363,0,0.6792945838081278
624,0,3,1,-0.6425863043961658,0,0,-0.4902797934380587,2,-0.5609748304808925
625,0,3,1,-0.6425863043961658,0,0,-0.32425318983493084,2,-0.5609748304808925
626,0,1,1,2.4314074284554814,0,0,0.002347544081197954,2,-0.5609748304808925
627,0,2,1,2.1240080551703167,0,0,-0.3997582667846179,1,-0.5609748304808925
628,1,1,0,-0.6425863043961658,0,0,0.921244330558889,2,-0.5609748304808925
629,0,3,1,-0.2583370877897099,0,0,-0.4894421904510968,2,-0.5609748304808925
630,0,3,1,-0.10463740114712752,0,0,-0.49271407711891657,1,-0.5609748304808925
631,1,1,1,3.8915544515600136,0,0,-0.04438103794142432,2,-0.5609748304808925
632,0,3,1,1.6629089952425695,0,0,-0.5063875431873253,2,-0.5609748304808925
633,1,1,1,0.20276197213803718,0,0,-0.034313694348132716,0,-0.5609748304808925
634,0,1,1,-0.10463740114712752,0,0,-0.6484216535389205,2,-0.5609748304808925
635,0,3,0,-1.56478442425166,3,2,-0.08666388103324908,2,2.5396987052416584
636,1,2,0,-0.10463740114712752,0,0,-0.3866707201133388,2,-0.5609748304808925
637,0,3,1,0.20276197213803718,0,0,-0.4888542575852486,2,-0.5609748304808925
638,0,2,1,0.12591212881674602,1,1,-0.11988611489111134,2,0.6792945838081278
639,0,3,0,0.8944105620296577,0,5,0.1506737441786005,2,2.5396987052416584
640,0,3,1,-0.10463740114712752,1,0,-0.32425318983493084,2,0.059159876663617696
641,0,3,1,-0.719436147717457,0,0,-0.4902797934380587,2,-0.5609748304808925
642,1,1,0,-0.41203677443229225,0,0,0.7469121684912956,0,-0.5609748304808925
643,0,3,0,-2.1027333275006983,3,2,-0.08666388103324908,2,2.5396987052416584
644,1,3,1,-0.10463740114712752,0,0,0.48910360681684706,2,-0.5609748304808925
645,1,3,0,-2.1987956316523123,2,1,-0.26066180729354516,0,1.299429290952638
646,1,1,1,1.432359465278696,1,0,0.8964967865378598,0,0.059159876663617696
647,0,3,1,-0.7962859910387481,0,0,-0.4894421904510968,2,-0.5609748304808925
648,1,1,1,2.0471582118490255,0,0,0.06635974158478332,0,-0.5609748304808925
649,0,3,1,-0.10463740114712752,0,0,-0.49640476528021726,2,-0.5609748304808925
650,1,3,0,-0.48888661775358344,0,0,-0.49640476528021726,2,-0.5609748304808925
651,0,3,1,-0.10463740114712752,0,0,-0.4894421904510968,2,-0.5609748304808925
652,1,2,0,-0.8731358343600393,0,1,-0.18532384824750675,2,0.059159876663617696
653,0,3,1,-0.6425863043961658,0,0,-0.47861979608830835,2,-0.5609748304808925
654,1,3,0,-0.10463740114712752,0,0,-0.49078316061772326,1,-0.5609748304808925
655,0,3,0,-0.8731358343600393,0,0,-0.5125125150294839,1,-0.5609748304808925
656,0,2,1,-0.41203677443229225,2,0,0.8314778546749452,2,0.6792945838081278
657,0,3,1,-0.10463740114712752,0,0,-0.4894421904510968,2,-0.5609748304808925
658,0,3,0,0.20276197213803718,1,1,-0.3363340021468808,1,0.6792945838081278
659,0,2,1,-0.48888661775358344,0,0,-0.3866707201133388,2,-0.5609748304808925
660,0,1,1,2.200857898491608,0,2,1.6323350375212924,0,0.6792945838081278
661,1,1,1,1.5860591519212783,2,0,2.042579288947925,2,0.6792945838081278
662,0,3,1,0.8175607187083667,0,0,-0.5029485386158568,0,-0.5609748304808925
663,0,1,1,1.3555096219574048,0,0,-0.13322534515222276,2,-0.5609748304808925
664,0,3,1,0.5101613454232019,0,0,-0.4974960653257301,2,-0.5609748304808925
665,1,3,1,-0.719436147717457,1,0,-0.4888542575852486,2,0.059159876663617696
666,0,2,1,0.20276197213803718,2,0,0.8314778546749452,2,0.6792945838081278
667,0,2,1,-0.33518693111100106,0,0,-0.3866707201133388,2,-0.5609748304808925
668,0,3,1,-0.10463740114712752,0,0,-0.4918744606632361,2,-0.5609748304808925
669,0,3,1,1.0481102486722402,0,0,-0.4863374216869257,2,-0.5609748304808925
670,1,1,0,-0.10463740114712752,1,0,0.39858208016340624,2,0.059159876663617696
671,1,2,0,0.8175607187083667,1,1,0.13683114673782454,2,0.6792945838081278
672,0,1,1,0.12591212881674602,1,0,0.39858208016340624,2,0.059159876663617696
673,0,2,1,3.123056018347102,0,0,-0.43700743807979686,2,-0.5609748304808925
674,1,2,1,0.12591212881674602,0,0,-0.3866707201133388,2,-0.5609748304808925
675,0,2,1,-0.10463740114712752,0,0,-0.6484216535389205,2,-0.5609748304808925
676,0,3,1,-0.8731358343600393,0,0,-0.4918744606632361,2,-0.5609748304808925
677,0,3,1,-0.37361185277164666,0,0,-0.4863374216869257,2,-0.5609748304808925
678,1,3,0,-0.8731358343600393,0,0,-0.45026210265472455,2,-0.5609748304808925
679,0,3,0,1.0481102486722402,1,6,0.2958951755118318,2,3.779968119530679
680,1,1,1,0.5101613454232019,0,1,9.667166525013505,0,0.059159876663617696
681,0,3,0,-0.10463740114712752,0,0,-0.48457563655809965,1,-0.5609748304808925
682,1,1,1,-0.1814872444684187,0,0,0.8964967865378598,0,-0.5609748304808925
683,0,3,1,-0.719436147717457,0,0,-0.4626791642426904,2,-0.5609748304808925
684,0,3,1,-1.180535207645204,5,2,0.2958951755118318,2,3.779968119530679
685,0,2,1,2.3545575851341902,1,1,0.13683114673782454,2,0.6792945838081278
686,0,2,1,-0.33518693111100106,1,2,0.18876253192945994,0,1.299429290952638
687,0,3,1,-1.180535207645204,4,1,0.1506737441786005,2,2.5396987052416584
688,0,3,1,-0.7962859910387481,0,0,-0.44363577710162005,2,-0.5609748304808925
689,0,3,1,-0.8731358343600393,0,0,-0.49145565916975514,2,-0.5609748304808925
690,1,1,0,-1.1036853643239128,0,1,3.6067927997556075,2,0.059159876663617696
691,1,1,1,0.12591212881674602,1,0,0.49925551609632224,2,0.059159876663617696
692,1,3,0,-1.949033640858116,0,1,-0.37828059596268965,0,0.059159876663617696
693,1,3,1,-0.10463740114712752,0,0,0.48910360681684706,2,-0.5609748304808925
694,0,3,1,-0.33518693111100106,0,0,-0.5029485386158568,0,-0.5609748304808925
695,0,1,1,2.3545575851341902,0,0,-0.11384570873513637,2,-0.5609748304808925
696,0,2,1,1.7397588385638607,0,0,-0.3766033765200472,2,-0.5609748304808925
697,0,3,1,1.1249600919935314,0,0,-0.4863374216869257,2,-0.5609748304808925
698,1,3,0,-0.10463740114712752,0,0,-0.49271407711891657,1,-0.5609748304808925
699,0,1,1,1.5092093085999871,1,1,1.5841789061771412,0,0.6792945838081278
700,0,3,1,0.9712604053509489,0,0,-0.494391296561559,2,-0.5609748304808925
701,1,1,0,-0.8731358343600393,1,0,3.9327230485884233,0,0.059159876663617696
702,1,1,1,0.4333115021019107,0,0,-0.11913106412161445,2,-0.5609748304808925
703,0,3,0,-0.8731358343600393,0,1,-0.3573908580066095,0,0.059159876663617696
704,0,3,1,-0.33518693111100106,0,0,-0.4925449457465493,1,-0.5609748304808925
705,0,3,1,-0.2583370877897099,1,0,-0.4902797934380587,2,0.059159876663617696
706,0,2,1,0.7407108753870755,0,0,-0.12491978668775715,2,-0.5609748304808925
707,1,2,0,1.2018099353148226,0,0,-0.3766033765200472,2,-0.5609748304808925
708,1,1,1,0.9712604053509489,0,0,-0.11913106412161445,2,-0.5609748304808925
709,1,1,0,-0.5657364610748746,0,0,2.4029901895877646,2,-0.5609748304808925
710,1,3,1,-0.10463740114712752,1,1,-0.3414522396297103,0,0.6792945838081278
711,1,1,0,-0.41203677443229225,0,0,0.3483299278831318,0,-0.5609748304808925
712,0,1,1,-0.10463740114712752,0,0,-0.11384570873513637,2,-0.5609748304808925
713,1,1,1,1.432359465278696,1,0,0.39858208016340624,2,0.059159876663617696
714,0,3,1,-0.027787557825836348,0,0,-0.457478374542396,2,-0.5609748304808925
715,0,2,1,1.7397588385638607,0,0,-0.3866707201133388,2,-0.5609748304808925
716,0,3,1,-0.7962859910387481,0,0,-0.494391296561559,2,-0.5609748304808925
717,1,1,0,0.6638610320657843,0,0,3.9327230485884233,0,-0.5609748304808925
718,1,2,0,-0.1814872444684187,0,0,-0.43700743807979686,2,-0.5609748304808925
719,0,3,1,-0.10463740114712752,0,0,-0.3363340021468808,1,-0.5609748304808925
720,0,3,1,0.27961181545932834,0,0,-0.4918744606632361,2,-0.5609748304808925
721,1,2,0,-1.7953339542155335,0,1,0.016023023618325298,2,0.059159876663617696
722,0,3,1,-0.9499856776813305,1,0,-0.5063875431873253,2,0.059159876663617696
723,0,2,1,0.35646165878061953,0,0,-0.3866707201133388,2,-0.5609748304808925
724,0,2,1,1.5860591519212783,0,0,-0.3866707201133388,2,-0.5609748304808925
725,1,1,1,-0.1814872444684187,1,0,0.4207302360686478,2,0.059159876663617696
726,0,3,1,-0.719436147717457,0,0,-0.47400492578514347,2,-0.5609748304808925
727,1,2,0,0.04906228549545483,3,0,-0.22559322262067316,2,1.299429290952638
728,1,3,0,-0.10463740114712752,0,0,-0.4926295114327329,1,-0.5609748304808925
729,0,2,1,-0.33518693111100106,1,0,-0.12491978668775715,2,0.059159876663617696
730,0,3,0,-0.33518693111100106,1,0,-0.4888542575852486,2,0.059159876663617696
731,1,1,0,-0.027787557825836348,0,0,3.6067927997556075,2,-0.5609748304808925
732,0,3,1,-1.4110847376090776,0,0,-0.2701412180209885,0,-0.5609748304808925
733,0,2,1,-0.10463740114712752,0,0,-0.6484216535389205,2,-0.5609748304808925
734,0,2,1,-0.48888661775358344,0,0,-0.3866707201133388,2,-0.5609748304808925
735,0,2,1,-0.48888661775358344,0,0,-0.3866707201133388,2,-0.5609748304808925
736,0,3,1,-0.06621247948648194,0,0,-0.32425318983493084,2,-0.5609748304808925
737,0,3,0,1.432359465278696,1,3,0.04370821849987721,2,1.9195639980971482
738,1,1,1,0.4333115021019107,0,0,9.667166525013505,0,-0.5609748304808925
739,0,3,1,-0.10463740114712752,0,0,-0.4894421904510968,2,-0.5609748304808925
740,0,3,1,-0.10463740114712752,0,0,-0.4894421904510968,2,-0.5609748304808925
741,1,1,1,-0.10463740114712752,0,0,-0.04438103794142432,2,-0.5609748304808925
742,0,1,1,0.5101613454232019,1,0,0.9391984311231651,2,0.059159876663617696
743,1,1,0,-0.6425863043961658,2,2,4.634416897040849,0,1.9195639980971482
744,0,3,1,-0.41203677443229225,1,0,-0.32425318983493084,2,0.059159876663617696
745,1,3,1,0.12591212881674602,0,0,-0.4888542575852486,2,-0.5609748304808925
746,0,1,1,3.123056018347102,1,1,0.7811411367084872,2,0.6792945838081278
747,0,3,1,-1.0268355210026217,1,1,-0.24069423801061057,2,0.6792945838081278
748,1,2,0,0.04906228549545483,0,0,-0.3866707201133388,2,-0.5609748304808925
749,0,1,1,-0.7962859910387481,1,0,0.4207302360686478,2,0.059159876663617696
750,0,3,1,0.12591212881674602,0,0,-0.49237782784290063,1,-0.5609748304808925
751,1,2,0,-1.949033640858116,1,1,-0.18532384824750675,2,0.6792945838081278
752,1,3,1,-1.7953339542155335,0,1,-0.397241430886295,2,0.059159876663617696
753,0,3,1,0.27961181545932834,0,0,-0.45714212526638004,2,-0.5609748304808925
754,0,3,1,-0.48888661775358344,0,0,-0.4894421904510968,2,-0.5609748304808925
755,1,2,0,1.432359465278696,1,2,0.6603330135889879,2,1.299429290952638
756,1,2,1,-2.204943619118015,1,1,-0.35646868933346404,2,0.6792945838081278
757,0,3,1,-0.10463740114712752,0,0,-0.49145565916975514,2,-0.5609748304808925
758,0,2,1,-0.8731358343600393,0,0,-0.41687275089321363,2,-0.5609748304808925
759,0,3,1,0.35646165878061953,0,0,-0.4863374216869257,2,-0.5609748304808925
760,1,1,0,0.27961181545932834,0,0,1.093228788100527,2,-0.5609748304808925
761,0,3,1,-0.10463740114712752,0,0,-0.35646868933346404,2,-0.5609748304808925
762,0,3,1,0.8944105620296577,0,0,-0.5049620073345151,2,-0.5609748304808925
763,1,3,1,-0.719436147717457,0,0,-0.5028639729296732,0,-0.5609748304808925
764,1,1,0,0.5101613454232019,1,2,1.7677408088510642,2,1.299429290952638
765,0,3,1,-1.0268355210026217,0,0,-0.4918744606632361,2,-0.5609748304808925
766,1,1,0,1.6629089952425695,1,0,0.921244330558889,2,0.059159876663617696
767,0,1,1,-0.10463740114712752,0,0,0.1489119590497745,0,-0.5609748304808925
768,0,3,0,0.08748720715610042,0,0,-0.49237782784290063,1,-0.5609748304808925
769,0,3,1,-0.10463740114712752,1,0,-0.1621689579829361,1,0.059159876663617696
770,0,3,1,0.20276197213803718,0,0,-0.4800453319411184,2,-0.5609748304808925
771,0,3,1,-0.41203677443229225,0,0,-0.45714212526638004,2,-0.5609748304808925
772,0,3,1,1.432359465278696,0,0,-0.4902797934380587,2,-0.5609748304808925
773,0,2,0,2.1240080551703167,0,0,-0.43700743807979686,2,-0.5609748304808925
774,0,3,1,-0.10463740114712752,0,0,-0.5029485386158568,0,-0.5609748304808925
775,1,2,0,1.893458525206443,1,3,-0.18532384824750675,2,1.9195639980971482
776,0,3,1,-0.8731358343600393,0,0,-0.49237782784290063,2,-0.5609748304808925
777,0,3,1,-0.10463740114712752,0,0,-0.49237782784290063,1,-0.5609748304808925
778,1,3,0,-1.8721837975368247,0,0,-0.397241430886295,2,-0.5609748304808925
779,0,3,1,-0.10463740114712752,0,0,-0.4926295114327329,1,-0.5609748304808925
780,1,1,0,1.0481102486722402,0,1,3.6067927997556075,2,0.059159876663617696
781,1,3,0,-1.2573850509664952,0,0,-0.5028639729296732,0,-0.5609748304808925
782,1,1,0,-0.9499856776813305,1,0,0.49925551609632224,2,0.059159876663617696
783,0,1,1,-0.027787557825836348,0,0,-0.04438103794142432,2,-0.5609748304808925
784,0,3,1,-0.10463740114712752,1,2,-0.17626323901354432,2,1.299429290952638
785,0,3,1,-0.33518693111100106,0,0,-0.5064721088735089,2,-0.5609748304808925
786,0,3,1,-0.33518693111100106,0,0,-0.5024451714361923,2,-0.5609748304808925
787,1,3,0,-0.8731358343600393,0,0,-0.4974960653257301,2,-0.5609748304808925
788,0,3,1,-1.6416342675729512,4,1,-0.06199888922968463,1,2.5396987052416584
789,1,3,1,-2.1795831708219895,1,2,-0.23415046467497105,2,1.299429290952638
790,0,1,1,1.2786597786361138,0,0,0.9462455716384695,0,-0.5609748304808925
791,0,3,1,-0.10463740114712752,0,0,-0.49237782784290063,1,-0.5609748304808925
792,0,2,1,-1.0268355210026217,0,0,-0.12491978668775715,2,-0.5609748304808925
793,0,3,0,-0.10463740114712752,8,2,0.7519458402879414,2,5.64037224096421
794,0,1,1,-0.10463740114712752,0,0,-0.030371322596999754,0,-0.5609748304808925
795,0,3,1,-0.33518693111100106,0,0,-0.4894421904510968,2,-0.5609748304808925
796,0,2,1,0.7407108753870755,0,0,-0.3866707201133388,2,-0.5609748304808925
797,1,1,0,1.5092093085999871,0,0,-0.1263453225405672,2,-0.5609748304808925
798,1,3,0,0.12591212881674602,0,0,-0.4735861242916626,2,-0.5609748304808925
799,0,3,1,0.04906228549545483,0,0,-0.5028639729296732,0,-0.5609748304808925
800,0,3,0,0.04906228549545483,1,1,-0.1621689579829361,2,0.6792945838081278
801,0,2,1,0.35646165878061953,0,0,-0.3866707201133388,2,-0.5609748304808925
802,1,2,0,0.12591212881674602,1,1,-0.11988611489111134,2,0.6792945838081278
803,1,1,1,-1.4110847376090776,1,2,1.7677408088510642,2,1.299429290952638
804,1,3,1,-2.224156079948338,0,1,-0.47694056317694733,0,0.059159876663617696
805,1,3,1,-0.1814872444684187,0,0,-0.5079822104125026,2,-0.5609748304808925
806,0,3,1,0.12591212881674602,0,0,-0.4918744606632361,2,-0.5609748304808925
807,0,1,1,0.7407108753870755,0,0,-0.6484216535389205,2,-0.5609748304808925
808,0,3,0,-0.8731358343600393,0,0,-0.4918744606632361,2,-0.5609748304808925
809,0,2,1,0.7407108753870755,0,0,-0.3866707201133388,2,-0.5609748304808925
810,1,1,0,0.27961181545932834,1,0,0.4207302360686478,2,0.059159876663617696
811,0,3,1,-0.2583370877897099,0,0,-0.4896093083547455,2,-0.5609748304808925
812,0,3,1,0.7407108753870755,0,0,-0.1621689579829361,2,-0.5609748304808925
813,0,2,1,0.4333115021019107,0,0,-0.43700743807979686,2,-0.5609748304808925
814,0,3,0,-1.7953339542155335,4,2,-0.01870931177853076,2,3.1598334123861687
815,0,3,1,0.08748720715610042,0,0,-0.4863374216869257,2,-0.5609748304808925
816,0,1,1,-0.10463740114712752,0,0,-0.6484216535389205,2,-0.5609748304808925
817,0,3,0,-0.48888661775358344,0,0,-0.4888542575852486,2,-0.5609748304808925
818,0,2,1,0.12591212881674602,1,1,0.09664633805084172,0,0.6792945838081278
819,0,3,1,1.0481102486722402,0,0,-0.5185529211854588,2,-0.5609748304808925
820,0,3,1,-1.4879345809303688,3,2,-0.08666388103324908,2,2.5396987052416584
821,1,1,0,1.7397588385638607,1,1,1.2341715984066093,2,0.6792945838081278
822,1,3,1,-0.1814872444684187,0,0,-0.47400492578514347,2,-0.5609748304808925
823,0,1,1,0.6638610320657843,0,0,-0.6484216535389205,2,-0.5609748304808925
824,1,3,0,-0.1814872444684187,0,1,-0.397241430886295,2,0.059159876663617696
825,0,3,1,-2.1027333275006983,4,1,0.1506737441786005,2,2.5396987052416584
826,0,3,1,-0.10463740114712752,0,0,-0.5084855775921673,1,-0.5609748304808925
827,0,3,1,-0.10463740114712752,0,0,0.48910360681684706,2,-0.5609748304808925
828,1,2,1,-2.1795831708219895,0,2,0.09664633805084172,0,0.6792945838081278
829,1,3,1,-0.10463740114712752,0,0,-0.49237782784290063,1,-0.5609748304808925
830,1,1,0,2.5082572717767726,0,0,0.962353321387736,2,-0.5609748304808925
831,1,3,0,-1.1036853643239128,1,0,-0.3573908580066095,0,0.059159876663617696
832,1,2,1,-2.192647644186609,1,1,-0.2708962687904854,2,0.6792945838081278
833,0,3,1,-0.10463740114712752,0,0,-0.5028639729296732,0,-0.5609748304808925
834,0,3,1,-0.48888661775358344,0,0,-0.4902797934380587,2,-0.5609748304808925
835,0,3,1,-0.8731358343600393,0,0,-0.48130374989027985,2,-0.5609748304808925
836,1,1,0,0.7407108753870755,1,1,1.0259447039291216,0,0.6792945838081278
837,0,3,1,-0.6425863043961658,0,0,-0.47400492578514347,2,-0.5609748304808925
838,0,3,1,-0.10463740114712752,0,0,-0.4863374216869257,2,-0.5609748304808925
839,1,3,1,0.20276197213803718,0,0,0.48910360681684706,2,-0.5609748304808925
840,1,1,1,-0.10463740114712752,0,0,-0.05042144409739929,0,-0.5609748304808925
841,0,3,1,-0.719436147717457,0,0,-0.4888542575852486,2,-0.5609748304808925
842,0,2,1,-1.0268355210026217,0,0,-0.43700743807979686,2,-0.5609748304808925
843,1,1,0,0.04906228549545483,0,0,-0.024246350754841113,0,-0.5609748304808925
844,0,3,1,0.3948865804412651,0,0,-0.5188046047752911,0,-0.5609748304808925
845,0,3,1,-0.9499856776813305,0,0,-0.47400492578514347,2,-0.5609748304808925
846,0,3,1,0.9712604053509489,0,0,-0.49640476528021726,2,-0.5609748304808925
847,0,3,1,-0.10463740114712752,8,2,0.7519458402879414,2,5.64037224096421
848,0,3,1,0.4333115021019107,0,0,-0.4894421904510968,0,-0.5609748304808925
849,0,2,1,-0.10463740114712752,0,1,0.016023023618325298,2,0.059159876663617696
850,1,1,0,-0.10463740114712752,1,0,1.145663540471827,0,0.059159876663617696
851,0,3,1,-1.949033640858116,4,2,-0.01870931177853076,2,3.1598334123861687
852,0,3,1,3.430455391632267,0,0,-0.4918744606632361,2,-0.5609748304808925
853,0,3,0,-1.56478442425166,1,1,-0.3414522396297103,0,0.6792945838081278
854,1,1,0,-1.0268355210026217,0,1,0.14488502161245778,2,0.059159876663617696
855,0,2,0,1.1249600919935314,1,0,-0.12491978668775715,2,0.059159876663617696
856,1,3,0,-0.8731358343600393,0,1,-0.4601623283443675,2,0.059159876663617696
857,1,1,0,1.2018099353148226,1,1,2.671117778445337,2,0.6792945838081278
858,1,1,1,1.6629089952425695,0,0,-0.11384570873513637,2,-0.5609748304808925
859,1,3,0,-0.41203677443229225,0,3,-0.26066180729354516,0,1.299429290952638
860,0,3,1,-0.10463740114712752,0,0,-0.5028639729296732,0,-0.5609748304808925
861,0,3,1,0.8944105620296577,2,0,-0.36435544630444866,2,0.6792945838081278
862,0,2,1,-0.6425863043961658,1,0,-0.41687275089321363,2,0.059159876663617696
863,1,1,0,1.432359465278696,0,0,-0.1263453225405672,2,-0.5609748304808925
864,0,3,0,-0.10463740114712752,8,2,0.7519458402879414,2,5.64037224096421
865,0,2,1,-0.41203677443229225,0,0,-0.3866707201133388,2,-0.5609748304808925
866,1,2,0,0.9712604053509489,0,0,-0.3866707201133388,2,-0.5609748304808925
867,1,2,0,-0.1814872444684187,1,0,-0.3693891181010945,0,0.059159876663617696
868,0,1,1,0.12591212881674602,0,0,0.3682954836973478,2,-0.5609748304808925
869,0,3,1,-0.10463740114712752,0,0,-0.45714212526638004,2,-0.5609748304808925
870,1,3,1,-1.949033640858116,1,1,-0.4242561406845337,2,0.6792945838081278
871,0,3,1,-0.2583370877897099,0,0,-0.4894421904510968,2,-0.5609748304808925
872,1,1,0,1.3555096219574048,1,1,0.40974072380221066,2,0.6792945838081278
873,0,1,1,0.27961181545932834,0,0,-0.5477482176060045,2,-0.5609748304808925
874,0,3,1,1.3555096219574048,0,0,-0.46720946885967163,2,-0.5609748304808925
875,1,2,0,-0.10463740114712752,1,0,-0.16518916106092355,0,0.059159876663617696
876,1,3,0,-1.1036853643239128,0,0,-0.5029485386158568,0,-0.5609748304808925
877,0,3,1,-0.719436147717457,0,0,-0.45017955043725955,2,-0.5609748304808925
878,0,3,1,-0.7962859910387481,0,0,-0.4894421904510968,2,-0.5609748304808925
879,0,3,1,-0.10463740114712752,0,0,-0.4894421904510968,2,-0.5609748304808925
880,1,1,0,2.0471582118490255,0,1,1.0259447039291216,0,0.059159876663617696
881,1,2,0,-0.33518693111100106,0,1,-0.12491978668775715,2,0.059159876663617696
882,0,3,1,0.27961181545932834,0,0,-0.4894421904510968,2,-0.5609748304808925
883,0,3,0,-0.5657364610748746,0,0,-0.4366711888037809,2,-0.5609748304808925
884,0,2,1,-0.10463740114712752,0,0,-0.43700743807979686,2,-0.5609748304808925
885,0,3,1,-0.33518693111100106,0,0,-0.5064721088735089,2,-0.5609748304808925
886,0,3,0,0.7407108753870755,0,5,-0.06199888922968463,1,2.5396987052416584
887,0,2,1,-0.1814872444684187,0,0,-0.3866707201133388,2,-0.5609748304808925
888,1,1,0,-0.7962859910387481,0,0,-0.04438103794142432,2,-0.5609748304808925
889,0,3,0,-0.10463740114712752,1,2,-0.17626323901354432,2,1.299429290952638
890,1,1,1,-0.2583370877897099,0,0,-0.04438103794142432,0,-0.5609748304808925
891,0,3,1,0.20276197213803718,0,0,-0.49237782784290063,1,-0.5609748304808925
